<?xml version="1.0" encoding="UTF-8"?>
<project-private xmlns="http://www.netbeans.org/ns/project-private/1">
    <editor-bookmarks xmlns="http://www.netbeans.org/ns/editor-bookmarks/2" lastBookmarkId="0"/>
    <open-files xmlns="http://www.netbeans.org/ns/projectui-open-files/2">
        <group>
            <file>file:/C:/Users/ACER/OneDrive/Documentos/NetBeansProjects/AgroDetec/src/agrodeteclogin/model/agrodetec.java</file>
            <file>file:/C:/Users/ACER/OneDrive/Documentos/NetBeansProjects/AgroDetec/src/agrodetecCargarimagen/modelo/cargarimagenDAO.java</file>
            <file>file:/C:/Users/ACER/OneDrive/Documentos/NetBeansProjects/AgroDetec/src/Coneccion/PruebaMysql.java</file>
            <file>file:/C:/Users/ACER/OneDrive/Documentos/NetBeansProjects/AgroDetec/src/Coneccion/FrmConsulta.java</file>
            <file>file:/C:/Users/ACER/OneDrive/Documentos/NetBeansProjects/AgroDetec/src/agrodetecCargarimagen/vista/cargarimagen.java</file>
            <file>file:/C:/Users/ACER/OneDrive/Documentos/NetBeansProjects/AgroDetec/src/agrodeteclogin/model/agrodetecDAO.java</file>
            <file>file:/C:/Users/ACER/OneDrive/Documentos/NetBeansProjects/AgroDetec/src/agrodeteclogin/view/logmaseta.png</file>
            <file>file:/C:/Users/ACER/OneDrive/Documentos/NetBeansProjects/AgroDetec/src/agrodetecCargarimagen/vista/fondo.jpg</file>
            <file>file:/C:/Users/ACER/OneDrive/Documentos/NetBeansProjects/AgroDetec/src/agrodeteclogin/view/AgroDetecj.java</file>
            <file>file:/C:/Users/ACER/OneDrive/Documentos/NetBeansProjects/AgroDetec/src/agrodetecCargarimagen/modelo/ImagenDiagnostico.java</file>
            <file>file:/C:/Users/ACER/OneDrive/Documentos/NetBeansProjects/AgroDetec/src/Coneccion/dbConeccion.java</file>
            <file>file:/C:/Users/ACER/OneDrive/Documentos/NetBeansProjects/AgroDetec/src/agrodeteclogin/view/login.png</file>
            <file>file:/C:/Users/ACER/OneDrive/Documentos/NetBeansProjects/AgroDetec/src/agrodetecCargarimagen/controlador/CargarImagenController.java</file>
            <file>file:/C:/Users/ACER/OneDrive/Documentos/NetBeansProjects/AgroDetec/src/agrodeteclogin/controller/agrodetecController.java</file>
        </group>
    </open-files>
</project-private>
